Workbook

Sheet ev_battery_charging_data
A1: SOC (%) | B1: Voltage (V) | C1: Current (A) | D1: Battery Temp (°C) | E1: Ambient Temp (°C) | F1: Charging Duration (min) | G1: Degradation Rate (%) | H1: Charging Mode | I1: Efficiency (%) | J1: Battery Type | K1: Charging Cycles | L1: EV Model | M1: Optimal Charging Duration Class
A2: 43.708611 | B2: 3.6295931 | C2: 33.553512 | D2: 33.45406 | E2: 26.439918 | F2: 59.363552 | G2: 8.8050962 | H2: Fast | I2: 98.238981 | J2: Li-ion | K2: 112 | L2: Model B | M2: 1
A3: 95.564288 | B3: 3.8793307 | C3: 32.228092 | D3: 35.933628 | E3: 31.108647 | F3: 67.343566 | G3: 12.18686 | H3: Fast | I3: 97.562628 | J3: LiFePO4 | K3: 398 | L3: Model A | M3: 1
A4: 75.879455 | B4: 4.1110621 | C4: 91.562912 | D4: 25.009358 | E4: 30.203219 | F4: 105.45474 | G4: 13.832336 | H4: Slow | I4: 97.233533 | J4: LiFePO4 | K4: 175 | L4: Model A | M4: 2
A5: 63.879264 | B5: 4.0125574 | C5: 32.459158 | D5: 32.497482 | E5: 18.077998 | F5: 54.000439 | G5: 9.3188738 | H5: Fast | I5: 98.136225 | J5: LiFePO4 | K5: 150 | L5: Model B | M5: 1
A6: 24.041678 | B6: 4.0645928 | C6: 34.475475 | D6: 31.43492 | E6: 17.984989 | F6: 106.96497 | G6: 11.687577 | H6: Fast | I6: 97.662485 | J6: Li-ion | K6: 886 | L6: Model C | M6: 2
A7: 24.039507 | B7: 3.9611484 | C7: 78.345844 | D7: 36.656608 | E7: 20.363487 | F7: 28.813443 | G7: 5.435926 | H7: Slow | I7: 98.912815 | J7: Li-ion | K7: 248 | L7: Model C | M7: 0
A8: 15.227525 | B8: 3.9845936 | C8: 50.476586 | D8: 38.121741 | E8: 22.221495 | F8: 97.679844 | G8: 10.80745 | H8: Fast | I8: 97.83851 | J8: LiFePO4 | K8: 830 | L8: Model B | M8: 2
A9: 87.955853 | B9: 4.094437 | C9: 79.90395 | D9: 20.243135 | E9: 23.169112 | F9: 104.75476 | G9: 14.139513 | H9: Fast | I9: 97.172097 | J9: LiFePO4 | K9: 221 | L9: Model A | M9: 2
A10: 64.100351 | B10: 3.6747676 | C10: 15.882954 | D10: 33.480398 | E10: 28.593944 | F10: 38.181765 | G10: 8.0608512 | H10: Slow | I10: 98.38783 | J10: Li-ion | K10: 310 | L10: Model B | M10: 0
A11: 73.726532 | B11: 3.8425975 | C11: 53.881407 | D11: 21.036716 | E11: 16.133609 | F11: 63.034653 | G11: 9.9910502 | H11: Slow | I11: 98.00179 | J11: Li-ion | K11: 379 | L11: Model C | M11: 1
A12: 11.852604 | B12: 3.6548466 | C12: 13.025224 | D12: 30.977173 | E12: 15.693454 | F12: 36.549977 | G12: 5.1873203 | H12: Normal | I12: 98.962536 | J12: Li-ion | K12: 637 | L12: Model C | M12: 0
A13: 97.291887 | B13: 4.1913676 | C13: 15.638788 | D13: 25.752655 | E13: 22.838211 | F13: 90.660413 | G13: 13.707261 | H13: Fast | I13: 97.258548 | J13: LiFePO4 | K13: 784 | L13: Model B | M13: 2
... A1001: 50.14052 | B1001: 3.697531 | C1001: 88.427263 | D1001: 23.227347 | E1001: 26.946248 | F1001: 34.938164 | G1001: 6.579907 | H1001: Normal | I1001: 98.684019 | J1001: Li-ion | K1001: 706 | L1001: Model C | M1001: 0

Sheet Data Validasi
A1: null | B1: duplicate | C1: total rows | D1: Range Check
A2: v | B2: v | C2: =COUNTA(ev_battery_charging_data!A2:A1001) -> 1000 | D2: v
B4: Blank Data | C4: Blank Data (rumus otomatis) | D4: Blank Data (rumus otomatis) | E4: Min | F4: Max
A5: {=TRANSPOSE([1]ev_battery_charging_data!A1:M1)} -> SOC (%) | B5: =COUNTBLANK(ev_battery_charging_data!A2:A1001) -> 0 | C5: =COUNTBLANK(INDEX(ev_battery_charging_data!$A$2:$M$1001,0,ROWS($A$1:A1))) -> 0 | D5: =COUNTBLANK(OFFSET(ev_battery_charging_data!$A$2:$A$1001, 0, ROW(A1)-1)) -> 0 | E5: =MIN(OFFSET(ev_battery_charging_data!$A$2:$A$1001, 0, ROW(A1)-1)) -> 10.416882 | F5: =MAX(OFFSET(ev_battery_charging_data!$A$2:$A$1001, 0, ROW(A1)-1)) -> 99.974591
A6: Voltage (V) | B6: =COUNTBLANK(ev_battery_charging_data!B2:B1001) -> 0 | C6: =COUNTBLANK(INDEX(ev_battery_charging_data!$A$2:$M$1001,0,ROWS($A$1:A2))) -> 0 | D6: =COUNTBLANK(OFFSET(ev_battery_charging_data!$A$2:$A$1001, 0, ROW(A2)-1)) -> 0 | E6: =MIN(OFFSET(ev_battery_charging_data!$A$2:$A$1001, 0, ROW(A2)-1)) -> 3.5022528 | F6: =MAX(OFFSET(ev_battery_charging_data!$A$2:$A$1001, 0, ROW(A2)-1)) -> 4.1995896
A7: Current (A) | B7: =COUNTBLANK(ev_battery_charging_data!C2:C1001) -> 0 | C7: =COUNTBLANK(INDEX(ev_battery_charging_data!$A$2:$M$1001,0,ROWS($A$1:A3))) -> 0 | D7: =COUNTBLANK(OFFSET(ev_battery_charging_data!$A$2:$A$1001, 0, ROW(A3)-1)) -> 0 | E7: =MIN(OFFSET(ev_battery_charging_data!$A$2:$A$1001, 0, ROW(A3)-1)) -> 10.001047 | F7: =MAX(OFFSET(ev_battery_charging_data!$A$2:$A$1001, 0, ROW(A3)-1)) -> 99.803877
A8: Battery Temp (°C) | B8: =COUNTBLANK(ev_battery_charging_data!D2:D1001) -> 0 | C8: =COUNTBLANK(INDEX(ev_battery_charging_data!$A$2:$M$1001,0,ROWS($A$1:A4))) -> 0 | D8: =COUNTBLANK(OFFSET(ev_battery_charging_data!$A$2:$A$1001, 0, ROW(A4)-1)) -> 0 | E8: =MIN(OFFSET(ev_battery_charging_data!$A$2:$A$1001, 0, ROW(A4)-1)) -> 20.013068 | F8: =MAX(OFFSET(ev_battery_charging_data!$A$2:$A$1001, 0, ROW(A4)-1)) -> 39.991154
A9: Ambient Temp (°C) | B9: =COUNTBLANK(ev_battery_charging_data!E2:E1001) -> 0 | C9: =COUNTBLANK(INDEX(ev_battery_charging_data!$A$2:$M$1001,0,ROWS($A$1:A5))) -> 0 | D9: =COUNTBLANK(OFFSET(ev_battery_charging_data!$A$2:$A$1001, 0, ROW(A5)-1)) -> 0 | E9: =MIN(OFFSET(ev_battery_charging_data!$A$2:$A$1001, 0, ROW(A5)-1)) -> 15.000614 | F9: =MAX(OFFSET(ev_battery_charging_data!$A$2:$A$1001, 0, ROW(A5)-1)) -> 34.954988
A10: Charging Duration (min) | B10: =COUNTBLANK(ev_battery_charging_data!F2:F1001) -> 0 | C10: =COUNTBLANK(INDEX(ev_battery_charging_data!$A$2:$M$1001,0,ROWS($A$1:A6))) -> 0 | D10: =COUNTBLANK(OFFSET(ev_battery_charging_data!$A$2:$A$1001, 0, ROW(A6)-1)) -> 0 | E10: =MIN(OFFSET(ev_battery_charging_data!$A$2:$A$1001, 0, ROW(A6)-1)) -> 20.618382 | F10: =MAX(OFFSET(ev_battery_charging_data!$A$2:$A$1001, 0, ROW(A6)-1)) -> 119.93503
A11: Degradation Rate (%) | B11: =COUNTBLANK(ev_battery_charging_data!G2:G1001) -> 0 | C11: =COUNTBLANK(INDEX(ev_battery_charging_data!$A$2:$M$1001,0,ROWS($A$1:A7))) -> 0 | D11: =COUNTBLANK(OFFSET(ev_battery_charging_data!$A$2:$A$1001, 0, ROW(A7)-1)) -> 0 | E11: =MIN(OFFSET(ev_battery_charging_data!$A$2:$A$1001, 0, ROW(A7)-1)) -> 4.1024332 | F11: =MAX(OFFSET(ev_battery_charging_data!$A$2:$A$1001, 0, ROW(A7)-1)) -> 16.042788
A12: Charging Mode | B12: =COUNTBLANK(ev_battery_charging_data!H2:H1001) -> 0 | C12: =COUNTBLANK(INDEX(ev_battery_charging_data!$A$2:$M$1001,0,ROWS($A$1:A8))) -> 0 | D12: =COUNTBLANK(OFFSET(ev_battery_charging_data!$A$2:$A$1001, 0, ROW(A8)-1)) -> 0 | E12: =MIN(OFFSET(ev_battery_charging_data!$A$2:$A$1001, 0, ROW(A8)-1)) -> 0 | F12: =MAX(OFFSET(ev_battery_charging_data!$A$2:$A$1001, 0, ROW(A8)-1)) -> 0
A13: Efficiency (%) | B13: =COUNTBLANK(ev_battery_charging_data!I2:I1001) -> 0 | C13: =COUNTBLANK(INDEX(ev_battery_charging_data!$A$2:$M$1001,0,ROWS($A$1:A9))) -> 0 | D13: =COUNTBLANK(OFFSET(ev_battery_charging_data!$A$2:$A$1001, 0, ROW(A9)-1)) -> 0 | E13: =MIN(OFFSET(ev_battery_charging_data!$A$2:$A$1001, 0, ROW(A9)-1)) -> 96.791442 | F13: =MAX(OFFSET(ev_battery_charging_data!$A$2:$A$1001, 0, ROW(A9)-1)) -> 99.179513
A14: Battery Type | B14: =COUNTBLANK(ev_battery_charging_data!J2:J1001) -> 0 | C14: =COUNTBLANK(INDEX(ev_battery_charging_data!$A$2:$M$1001,0,ROWS($A$1:A10))) -> 0 | D14: =COUNTBLANK(OFFSET(ev_battery_charging_data!$A$2:$A$1001, 0, ROW(A10)-1)) -> 0 | E14: =MIN(OFFSET(ev_battery_charging_data!$A$2:$A$1001, 0, ROW(A10)-1)) -> 0 | F14: =MAX(OFFSET(ev_battery_charging_data!$A$2:$A$1001, 0, ROW(A10)-1)) -> 0
A15: Charging Cycles | B15: =COUNTBLANK(ev_battery_charging_data!K2:K1001) -> 0 | C15: =COUNTBLANK(INDEX(ev_battery_charging_data!$A$2:$M$1001,0,ROWS($A$1:A11))) -> 0 | D15: =COUNTBLANK(OFFSET(ev_battery_charging_data!$A$2:$A$1001, 0, ROW(A11)-1)) -> 0 | E15: =MIN(OFFSET(ev_battery_charging_data!$A$2:$A$1001, 0, ROW(A11)-1)) -> 101 | F15: =MAX(OFFSET(ev_battery_charging_data!$A$2:$A$1001, 0, ROW(A11)-1)) -> 999
A16: EV Model | B16: =COUNTBLANK(ev_battery_charging_data!L2:L1001) -> 0 | C16: =COUNTBLANK(INDEX(ev_battery_charging_data!$A$2:$M$1001,0,ROWS($A$1:A12))) -> 0 | D16: =COUNTBLANK(OFFSET(ev_battery_charging_data!$A$2:$A$1001, 0, ROW(A12)-1)) -> 0 | E16: =MIN(OFFSET(ev_battery_charging_data!$A$2:$A$1001, 0, ROW(A12)-1)) -> 0 | F16: =MAX(OFFSET(ev_battery_charging_data!$A$2:$A$1001, 0, ROW(A12)-1)) -> 0
A17: Optimal Charging Duration Class | B17: =COUNTBLANK(ev_battery_charging_data!M2:M1001) -> 0 | C17: =COUNTBLANK(INDEX(ev_battery_charging_data!$A$2:$M$1001,0,ROWS($A$1:A13))) -> 0 | D17: =COUNTBLANK(OFFSET(ev_battery_charging_data!$A$2:$A$1001, 0, ROW(A13)-1)) -> 0 | E17: =MIN(OFFSET(ev_battery_charging_data!$A$2:$A$1001, 0, ROW(A13)-1)) -> 0 | F17: =MAX(OFFSET(ev_battery_charging_data!$A$2:$A$1001, 0, ROW(A13)-1)) -> 2

Sheet CrossCheckPython
A2: Charging Mode
A3: Row Labels | B3: Average of Charging Duration (min) | C3: Average of Efficiency (%) | D3: Average of Degradation Rate (%)
A4: Fast | B4: 69.403522 | C4: 98.011307 | D4: 9.9434648
A5: Normal | B5: 68.94027 | C5: 98.003124 | D5: 9.9843776
A6: Slow | B6: 71.164321 | C6: 97.976297 | D6: 10.118514
A7: Grand Total | B7: 69.846449 | C7: 97.996587 | D7: 10.017067
A9: Battery Type
A10: Row Labels | B10: Average of Efficiency (%) | C10: Average of Degradation Rate (%)
A11: LiFePO4 | B11: 97.989738 | C11: 10.051312
A12: Li-ion | B12: 98.003518 | C12: 9.9824085
A13: Grand Total | B13: 97.996587 | C13: 10.017067
A15: Ev Model
A16: Row Labels | B16: Average of Charging Duration (min) | C16: Average of Efficiency (%) | D16: Average of Degradation Rate (%)
A17: Model A | B17: 68.604326 | C17: 98.010455 | D17: 9.9477275
A18: Model B | B18: 72.813455 | C18: 97.945426 | D18: 10.27287
A19: Model C | B19: 68.249706 | C19: 98.03145 | D19: 9.8427521
A20: Grand Total | B20: 69.846449 | C20: 97.996587 | D20: 10.017067
